
--CRONOLOGIACONTAGIO

insert into CronologiaContagios (idCronologiaContagios, fecha, cantidadContagios, cantidadMuertes, cantidadRecuperados, cantidadActivos, Municipio_idMunicipio) values (1, '2020-02-27', 37, 20, 31, 11, 5);
insert into CronologiaContagios (idCronologiaContagios, fecha, cantidadContagios, cantidadMuertes, cantidadRecuperados, cantidadActivos, Municipio_idMunicipio) values (2, '2020-07-30', 14, 29, 28, 20, 6);
insert into CronologiaContagios (idCronologiaContagios, fecha, cantidadContagios, cantidadMuertes, cantidadRecuperados, cantidadActivos, Municipio_idMunicipio) values (3, '2019-12-24', 19, 14, 24, 37, 12);
insert into CronologiaContagios (idCronologiaContagios, fecha, cantidadContagios, cantidadMuertes, cantidadRecuperados, cantidadActivos, Municipio_idMunicipio) values (4, '2020-02-25', 6, 5, 37, 44, 14);
insert into CronologiaContagios (idCronologiaContagios, fecha, cantidadContagios, cantidadMuertes, cantidadRecuperados, cantidadActivos, Municipio_idMunicipio) values (5, '2020-02-05', 47, 37, 21, 20, 15);
insert into CronologiaContagios (idCronologiaContagios, fecha, cantidadContagios, cantidadMuertes, cantidadRecuperados, cantidadActivos, Municipio_idMunicipio) values (6, '2020-07-13', 23, 50, 46, 33, 14);
insert into CronologiaContagios (idCronologiaContagios, fecha, cantidadContagios, cantidadMuertes, cantidadRecuperados, cantidadActivos, Municipio_idMunicipio) values (7, '2020-01-09', 43, 25, 26, 14, 1);
insert into CronologiaContagios (idCronologiaContagios, fecha, cantidadContagios, cantidadMuertes, cantidadRecuperados, cantidadActivos, Municipio_idMunicipio) values (8, '2020-05-13', 26, 12, 49, 28, 14);
insert into CronologiaContagios (idCronologiaContagios, fecha, cantidadContagios, cantidadMuertes, cantidadRecuperados, cantidadActivos, Municipio_idMunicipio) values (9, '2020-06-07', 45, 28, 13, 21, 4);
insert into CronologiaContagios (idCronologiaContagios, fecha, cantidadContagios, cantidadMuertes, cantidadRecuperados, cantidadActivos, Municipio_idMunicipio) values (10, '2020-01-05', 26, 15, 47, 48, 3);
insert into CronologiaContagios (idCronologiaContagios, fecha, cantidadContagios, cantidadMuertes, cantidadRecuperados, cantidadActivos, Municipio_idMunicipio) values (11, '2020-03-22', 25, 6, 27, 30, 14);
insert into CronologiaContagios (idCronologiaContagios, fecha, cantidadContagios, cantidadMuertes, cantidadRecuperados, cantidadActivos, Municipio_idMunicipio) values (12, '2019-11-15', 40, 12, 22, 45, 8);
insert into CronologiaContagios (idCronologiaContagios, fecha, cantidadContagios, cantidadMuertes, cantidadRecuperados, cantidadActivos, Municipio_idMunicipio) values (13, '2020-02-07', 39, 8, 31, 48, 5);
insert into CronologiaContagios (idCronologiaContagios, fecha, cantidadContagios, cantidadMuertes, cantidadRecuperados, cantidadActivos, Municipio_idMunicipio) values (14, '2020-05-30', 42, 34, 43, 38, 2);
insert into CronologiaContagios (idCronologiaContagios, fecha, cantidadContagios, cantidadMuertes, cantidadRecuperados, cantidadActivos, Municipio_idMunicipio) values (15, '2019-09-07', 13, 5, 36, 1, 18);
insert into CronologiaContagios (idCronologiaContagios, fecha, cantidadContagios, cantidadMuertes, cantidadRecuperados, cantidadActivos, Municipio_idMunicipio) values (16, '2020-05-08', 46, 30, 22, 17, 6);
insert into CronologiaContagios (idCronologiaContagios, fecha, cantidadContagios, cantidadMuertes, cantidadRecuperados, cantidadActivos, Municipio_idMunicipio) values (17, '2020-07-17', 36, 11, 45, 25, 10);
insert into CronologiaContagios (idCronologiaContagios, fecha, cantidadContagios, cantidadMuertes, cantidadRecuperados, cantidadActivos, Municipio_idMunicipio) values (18, '2019-10-17', 42, 46, 25, 33, 3);
insert into CronologiaContagios (idCronologiaContagios, fecha, cantidadContagios, cantidadMuertes, cantidadRecuperados, cantidadActivos, Municipio_idMunicipio) values (19, '2020-06-21', 15, 43, 30, 4, 4);
insert into CronologiaContagios (idCronologiaContagios, fecha, cantidadContagios, cantidadMuertes, cantidadRecuperados, cantidadActivos, Municipio_idMunicipio) values (20, '2020-07-13', 41, 9, 34, 5, 11);
insert into CronologiaContagios (idCronologiaContagios, fecha, cantidadContagios, cantidadMuertes, cantidadRecuperados, cantidadActivos, Municipio_idMunicipio) values (21, '2020-01-25', 25, 40, 38, 33, 14);
insert into CronologiaContagios (idCronologiaContagios, fecha, cantidadContagios, cantidadMuertes, cantidadRecuperados, cantidadActivos, Municipio_idMunicipio) values (22, '2019-11-11', 15, 45, 32, 18, 15);
insert into CronologiaContagios (idCronologiaContagios, fecha, cantidadContagios, cantidadMuertes, cantidadRecuperados, cantidadActivos, Municipio_idMunicipio) values (23, '2020-05-31', 20, 29, 32, 1, 8);
insert into CronologiaContagios (idCronologiaContagios, fecha, cantidadContagios, cantidadMuertes, cantidadRecuperados, cantidadActivos, Municipio_idMunicipio) values (24, '2020-07-18', 6, 31, 25, 26, 11);
insert into CronologiaContagios (idCronologiaContagios, fecha, cantidadContagios, cantidadMuertes, cantidadRecuperados, cantidadActivos, Municipio_idMunicipio) values (25, '2020-01-11', 28, 22, 35, 22, 8);
insert into CronologiaContagios (idCronologiaContagios, fecha, cantidadContagios, cantidadMuertes, cantidadRecuperados, cantidadActivos, Municipio_idMunicipio) values (26, '2019-11-30', 6, 7, 32, 5, 15);
insert into CronologiaContagios (idCronologiaContagios, fecha, cantidadContagios, cantidadMuertes, cantidadRecuperados, cantidadActivos, Municipio_idMunicipio) values (27, '2020-02-08', 31, 8, 50, 34, 15);
insert into CronologiaContagios (idCronologiaContagios, fecha, cantidadContagios, cantidadMuertes, cantidadRecuperados, cantidadActivos, Municipio_idMunicipio) values (28, '2019-09-06', 19, 43, 47, 3, 7);
insert into CronologiaContagios (idCronologiaContagios, fecha, cantidadContagios, cantidadMuertes, cantidadRecuperados, cantidadActivos, Municipio_idMunicipio) values (29, '2019-10-01', 35, 29, 31, 4, 11);
insert into CronologiaContagios (idCronologiaContagios, fecha, cantidadContagios, cantidadMuertes, cantidadRecuperados, cantidadActivos, Municipio_idMunicipio) values (30, '2020-05-22', 46, 39, 25, 27, 8);
insert into CronologiaContagios (idCronologiaContagios, fecha, cantidadContagios, cantidadMuertes, cantidadRecuperados, cantidadActivos, Municipio_idMunicipio) values (31, '2020-03-18', 11, 44, 14, 2, 11);
insert into CronologiaContagios (idCronologiaContagios, fecha, cantidadContagios, cantidadMuertes, cantidadRecuperados, cantidadActivos, Municipio_idMunicipio) values (32, '2019-09-05', 38, 22, 38, 20, 10);
insert into CronologiaContagios (idCronologiaContagios, fecha, cantidadContagios, cantidadMuertes, cantidadRecuperados, cantidadActivos, Municipio_idMunicipio) values (33, '2020-02-07', 32, 39, 36, 42, 11);
insert into CronologiaContagios (idCronologiaContagios, fecha, cantidadContagios, cantidadMuertes, cantidadRecuperados, cantidadActivos, Municipio_idMunicipio) values (34, '2020-08-06', 18, 46, 48, 14, 14);
insert into CronologiaContagios (idCronologiaContagios, fecha, cantidadContagios, cantidadMuertes, cantidadRecuperados, cantidadActivos, Municipio_idMunicipio) values (35, '2019-12-06', 37, 26, 39, 1, 10);
insert into CronologiaContagios (idCronologiaContagios, fecha, cantidadContagios, cantidadMuertes, cantidadRecuperados, cantidadActivos, Municipio_idMunicipio) values (36, '2020-05-26', 38, 7, 13, 49, 14);
insert into CronologiaContagios (idCronologiaContagios, fecha, cantidadContagios, cantidadMuertes, cantidadRecuperados, cantidadActivos, Municipio_idMunicipio) values (37, '2020-07-06', 10, 34, 33, 30, 9);
insert into CronologiaContagios (idCronologiaContagios, fecha, cantidadContagios, cantidadMuertes, cantidadRecuperados, cantidadActivos, Municipio_idMunicipio) values (38, '2019-12-28', 27, 11, 12, 12, 11);
insert into CronologiaContagios (idCronologiaContagios, fecha, cantidadContagios, cantidadMuertes, cantidadRecuperados, cantidadActivos, Municipio_idMunicipio) values (39, '2019-09-23', 48, 47, 36, 50, 4);
insert into CronologiaContagios (idCronologiaContagios, fecha, cantidadContagios, cantidadMuertes, cantidadRecuperados, cantidadActivos, Municipio_idMunicipio) values (40, '2020-03-22', 48, 38, 27, 44, 9);
insert into CronologiaContagios (idCronologiaContagios, fecha, cantidadContagios, cantidadMuertes, cantidadRecuperados, cantidadActivos, Municipio_idMunicipio) values (41, '2019-10-06', 26, 34, 34, 3, 12);
insert into CronologiaContagios (idCronologiaContagios, fecha, cantidadContagios, cantidadMuertes, cantidadRecuperados, cantidadActivos, Municipio_idMunicipio) values (42, '2020-07-10', 48, 5, 41, 14, 18);
insert into CronologiaContagios (idCronologiaContagios, fecha, cantidadContagios, cantidadMuertes, cantidadRecuperados, cantidadActivos, Municipio_idMunicipio) values (43, '2020-02-08', 31, 17, 26, 28, 15);
insert into CronologiaContagios (idCronologiaContagios, fecha, cantidadContagios, cantidadMuertes, cantidadRecuperados, cantidadActivos, Municipio_idMunicipio) values (44, '2020-05-05', 10, 23, 43, 43, 10);
insert into CronologiaContagios (idCronologiaContagios, fecha, cantidadContagios, cantidadMuertes, cantidadRecuperados, cantidadActivos, Municipio_idMunicipio) values (45, '2020-05-04', 45, 39, 43, 16, 12);
insert into CronologiaContagios (idCronologiaContagios, fecha, cantidadContagios, cantidadMuertes, cantidadRecuperados, cantidadActivos, Municipio_idMunicipio) values (46, '2020-05-28', 44, 18, 39, 19, 5);
insert into CronologiaContagios (idCronologiaContagios, fecha, cantidadContagios, cantidadMuertes, cantidadRecuperados, cantidadActivos, Municipio_idMunicipio) values (47, '2020-02-20', 23, 31, 18, 7, 6);
insert into CronologiaContagios (idCronologiaContagios, fecha, cantidadContagios, cantidadMuertes, cantidadRecuperados, cantidadActivos, Municipio_idMunicipio) values (48, '2019-10-30', 47, 17, 15, 47, 1);
insert into CronologiaContagios (idCronologiaContagios, fecha, cantidadContagios, cantidadMuertes, cantidadRecuperados, cantidadActivos, Municipio_idMunicipio) values (49, '2019-10-30', 28, 15, 44, 1, 13);
insert into CronologiaContagios (idCronologiaContagios, fecha, cantidadContagios, cantidadMuertes, cantidadRecuperados, cantidadActivos, Municipio_idMunicipio) values (50, '2019-09-30', 23, 29, 18, 27, 16);

--DEPARTAMENTOS 

insert into departamento (idDepartamento, descripcion) values (1, 'Atlántida');
insert into departamento (idDepartamento, descripcion) values (2, 'Colón');
insert into departamento (idDepartamento, descripcion) values (3, 'Comayagua');
insert into departamento (idDepartamento, descripcion) values (4, 'Copán');
insert into departamento (idDepartamento, descripcion) values (5, 'Cortés');
insert into departamento (idDepartamento, descripcion) values (6, 'Choluteca');
insert into departamento (idDepartamento, descripcion) values (7, 'El Paraíso');
insert into departamento (idDepartamento, descripcion) values (8, 'Francisco Morazán');
insert into departamento (idDepartamento, descripcion) values (9, 'Gracias a Dios');
insert into departamento (idDepartamento, descripcion) values (10, 'Intibucá');
insert into departamento (idDepartamento, descripcion) values (11, 'Islas de la Bahía');
insert into departamento (idDepartamento, descripcion) values (12, 'La Paz');
insert into departamento (idDepartamento, descripcion) values (13, 'Lempira');
insert into departamento (idDepartamento, descripcion) values (14, 'Ocotepeque');
insert into departamento (idDepartamento, descripcion) values (15, 'Olancho');
insert into departamento (idDepartamento, descripcion) values (16, 'Santa Bárbara');
insert into departamento (idDepartamento, descripcion) values (17, 'Valle');
insert into departamento (idDepartamento, descripcion) values (18, 'Yoro');

--GENERO

insert into genero (idGenero, descripcion) values (1, 'Masculino');
insert into genero (idGenero, descripcion) values (2, 'Femenino');

--LABORATORIO

insert into Laboratorio (idLaboratorio, codigoLaboratio, nombreLaboratorio, direccion, Municipio_idMunicipio) values (1, 1, 'Braun LLC', '4147 Prentice Road', 177);
insert into Laboratorio (idLaboratorio, codigoLaboratio, nombreLaboratorio, direccion, Municipio_idMunicipio) values (2, 2, 'Cormier, Ruecker and Rempel', '52 Vernon Pass', 177);
insert into Laboratorio (idLaboratorio, codigoLaboratio, nombreLaboratorio, direccion, Municipio_idMunicipio) values (3, 3, 'Gaylord, Gutkowski and Smitham', '3 Pond Center', 196);
insert into Laboratorio (idLaboratorio, codigoLaboratio, nombreLaboratorio, direccion, Municipio_idMunicipio) values (4, 4, 'Bauch Group', '73 Transport Park', 265);
insert into Laboratorio (idLaboratorio, codigoLaboratio, nombreLaboratorio, direccion, Municipio_idMunicipio) values (5, 5, 'Huels-Buckridge', '31014 1st Crossing', 137);
insert into Laboratorio (idLaboratorio, codigoLaboratio, nombreLaboratorio, direccion, Municipio_idMunicipio) values (6, 6, 'Miller, Abshire and Jacobson', '3562 Sutteridge Point', 243);
insert into Laboratorio (idLaboratorio, codigoLaboratio, nombreLaboratorio, direccion, Municipio_idMunicipio) values (7, 7, 'Hartmann Group', '13 Harper Hill', 262);
insert into Laboratorio (idLaboratorio, codigoLaboratio, nombreLaboratorio, direccion, Municipio_idMunicipio) values (8, 8, 'O''Kon-Langosh', '5867 Hagan Court', 159);
insert into Laboratorio (idLaboratorio, codigoLaboratio, nombreLaboratorio, direccion, Municipio_idMunicipio) values (9, 9, 'Ziemann Inc', '7 Carey Hill', 199);
insert into Laboratorio (idLaboratorio, codigoLaboratio, nombreLaboratorio, direccion, Municipio_idMunicipio) values (10, 10, 'Powlowski Group', '5497 Sunnyside Court', 157);
insert into Laboratorio (idLaboratorio, codigoLaboratio, nombreLaboratorio, direccion, Municipio_idMunicipio) values (11, 11, 'Nienow-Kub', '0769 Paget Junction', 238);
insert into Laboratorio (idLaboratorio, codigoLaboratio, nombreLaboratorio, direccion, Municipio_idMunicipio) values (12, 12, 'King, Casper and Kreiger', '3 Parkside Crossing', 100);
insert into Laboratorio (idLaboratorio, codigoLaboratio, nombreLaboratorio, direccion, Municipio_idMunicipio) values (13, 13, 'Lang, Cremin and Little', '41 Cordelia Junction', 107);
insert into Laboratorio (idLaboratorio, codigoLaboratio, nombreLaboratorio, direccion, Municipio_idMunicipio) values (14, 14, 'Batz LLC', '47951 Sugar Way', 37);
insert into Laboratorio (idLaboratorio, codigoLaboratio, nombreLaboratorio, direccion, Municipio_idMunicipio) values (15, 15, 'Schumm LLC', '038 Shelley Road', 36);
insert into Laboratorio (idLaboratorio, codigoLaboratio, nombreLaboratorio, direccion, Municipio_idMunicipio) values (16, 16, 'Tremblay-Conn', '5012 Golf Course Lane', 234);
insert into Laboratorio (idLaboratorio, codigoLaboratio, nombreLaboratorio, direccion, Municipio_idMunicipio) values (17, 17, 'Lind-Graham', '5867 Stone Corner Street', 69);
insert into Laboratorio (idLaboratorio, codigoLaboratio, nombreLaboratorio, direccion, Municipio_idMunicipio) values (18, 18, 'Kessler LLC', '992 Harbort Plaza', 274);
insert into Laboratorio (idLaboratorio, codigoLaboratio, nombreLaboratorio, direccion, Municipio_idMunicipio) values (19, 19, 'McCullough, Shanahan and Aufderhar', '52440 Linden Terrace', 187);
insert into Laboratorio (idLaboratorio, codigoLaboratio, nombreLaboratorio, direccion, Municipio_idMunicipio) values (20, 20, 'Kemmer, Terry and Bartoletti', '256 Muir Way', 256);
insert into Laboratorio (idLaboratorio, codigoLaboratio, nombreLaboratorio, direccion, Municipio_idMunicipio) values (21, 21, 'Donnelly, Littel and Tremblay', '00 Redwing Parkway', 49);
insert into Laboratorio (idLaboratorio, codigoLaboratio, nombreLaboratorio, direccion, Municipio_idMunicipio) values (22, 22, 'Kunze and Sons', '52756 Eagle Crest Road', 270);
insert into Laboratorio (idLaboratorio, codigoLaboratio, nombreLaboratorio, direccion, Municipio_idMunicipio) values (23, 23, 'Stokes, Greenfelder and Daugherty', '31 Gulseth Terrace', 265);
insert into Laboratorio (idLaboratorio, codigoLaboratio, nombreLaboratorio, direccion, Municipio_idMunicipio) values (24, 24, 'Mraz LLC', '06 Sachtjen Junction', 171);
insert into Laboratorio (idLaboratorio, codigoLaboratio, nombreLaboratorio, direccion, Municipio_idMunicipio) values (25, 25, 'Howe, Hilpert and Corkery', '81157 Golden Leaf Alley', 229);
insert into Laboratorio (idLaboratorio, codigoLaboratio, nombreLaboratorio, direccion, Municipio_idMunicipio) values (26, 26, 'Abbott, Aufderhar and Sawayn', '6560 Claremont Way', 84);
insert into Laboratorio (idLaboratorio, codigoLaboratio, nombreLaboratorio, direccion, Municipio_idMunicipio) values (27, 27, 'Von, Ondricka and Marvin', '60 Springview Junction', 256);
insert into Laboratorio (idLaboratorio, codigoLaboratio, nombreLaboratorio, direccion, Municipio_idMunicipio) values (28, 28, 'Franecki, Conroy and Hegmann', '97824 Myrtle Court', 220);
insert into Laboratorio (idLaboratorio, codigoLaboratio, nombreLaboratorio, direccion, Municipio_idMunicipio) values (29, 29, 'Upton-Kling', '8 Scoville Road', 133);
insert into Laboratorio (idLaboratorio, codigoLaboratio, nombreLaboratorio, direccion, Municipio_idMunicipio) values (30, 30, 'Fadel, Abshire and McClure', '06 Del Sol Circle', 212);
insert into Laboratorio (idLaboratorio, codigoLaboratio, nombreLaboratorio, direccion, Municipio_idMunicipio) values (31, 31, 'Parker Inc', '9901 Briar Crest Circle', 166);
insert into Laboratorio (idLaboratorio, codigoLaboratio, nombreLaboratorio, direccion, Municipio_idMunicipio) values (32, 32, 'Schinner, Weber and Emmerich', '3 Moland Lane', 144);
insert into Laboratorio (idLaboratorio, codigoLaboratio, nombreLaboratorio, direccion, Municipio_idMunicipio) values (33, 33, 'Kling-Osinski', '88 Haas Pass', 42);
insert into Laboratorio (idLaboratorio, codigoLaboratio, nombreLaboratorio, direccion, Municipio_idMunicipio) values (34, 34, 'Schaden, Franecki and Kassulke', '8217 Hayes Crossing', 69);
insert into Laboratorio (idLaboratorio, codigoLaboratio, nombreLaboratorio, direccion, Municipio_idMunicipio) values (35, 35, 'King, Blanda and Kovacek', '537 Mockingbird Center', 42);
insert into Laboratorio (idLaboratorio, codigoLaboratio, nombreLaboratorio, direccion, Municipio_idMunicipio) values (36, 36, 'Crist-Bergstrom', '4198 Del Mar Park', 220);
insert into Laboratorio (idLaboratorio, codigoLaboratio, nombreLaboratorio, direccion, Municipio_idMunicipio) values (37, 37, 'Jacobi Group', '94 Cascade Court', 195);
insert into Laboratorio (idLaboratorio, codigoLaboratio, nombreLaboratorio, direccion, Municipio_idMunicipio) values (38, 38, 'Beatty Group', '5202 Union Court', 201);
insert into Laboratorio (idLaboratorio, codigoLaboratio, nombreLaboratorio, direccion, Municipio_idMunicipio) values (39, 39, 'Wisozk, Dare and Botsford', '570 Scoville Point', 263);
insert into Laboratorio (idLaboratorio, codigoLaboratio, nombreLaboratorio, direccion, Municipio_idMunicipio) values (40, 40, 'Schmitt, Rolfson and Legros', '31 Ronald Regan Lane', 83);
insert into Laboratorio (idLaboratorio, codigoLaboratio, nombreLaboratorio, direccion, Municipio_idMunicipio) values (41, 41, 'Jakubowski-Welch', '17 Lotheville Parkway', 225);
insert into Laboratorio (idLaboratorio, codigoLaboratio, nombreLaboratorio, direccion, Municipio_idMunicipio) values (42, 42, 'Pollich and Sons', '4480 Messerschmidt Center', 49);
insert into Laboratorio (idLaboratorio, codigoLaboratio, nombreLaboratorio, direccion, Municipio_idMunicipio) values (43, 43, 'Kirlin, Grimes and Dietrich', '0 Rowland Court', 194);
insert into Laboratorio (idLaboratorio, codigoLaboratio, nombreLaboratorio, direccion, Municipio_idMunicipio) values (44, 44, 'Hegmann-Powlowski', '19 Cody Junction', 53);
insert into Laboratorio (idLaboratorio, codigoLaboratio, nombreLaboratorio, direccion, Municipio_idMunicipio) values (45, 45, 'Yundt and Sons', '83213 Steensland Plaza', 187);
insert into Laboratorio (idLaboratorio, codigoLaboratio, nombreLaboratorio, direccion, Municipio_idMunicipio) values (46, 46, 'Kunze Group', '98 Marquette Pass', 232);
insert into Laboratorio (idLaboratorio, codigoLaboratio, nombreLaboratorio, direccion, Municipio_idMunicipio) values (47, 47, 'Gulgowski-Langworth', '9 Pepper Wood Parkway', 199);
insert into Laboratorio (idLaboratorio, codigoLaboratio, nombreLaboratorio, direccion, Municipio_idMunicipio) values (48, 48, 'Schmitt LLC', '7834 Bluejay Point', 103);
insert into Laboratorio (idLaboratorio, codigoLaboratio, nombreLaboratorio, direccion, Municipio_idMunicipio) values (49, 49, 'Cummerata LLC', '0 Northfield Center', 161);
insert into Laboratorio (idLaboratorio, codigoLaboratio, nombreLaboratorio, direccion, Municipio_idMunicipio) values (50, 50, 'Nolan Group', '8834 Old Gate Lane', 264);


--LISTAPRUEBAS
insert into ListaPruebas (Prueba_idPrueba, Laboratorio_idLaboratorio) values (1, 1);
insert into ListaPruebas (Prueba_idPrueba, Laboratorio_idLaboratorio) values (2, 2);
insert into ListaPruebas (Prueba_idPrueba, Laboratorio_idLaboratorio) values (3, 3);
insert into ListaPruebas (Prueba_idPrueba, Laboratorio_idLaboratorio) values (4, 4);
insert into ListaPruebas (Prueba_idPrueba, Laboratorio_idLaboratorio) values (5, 5);
insert into ListaPruebas (Prueba_idPrueba, Laboratorio_idLaboratorio) values (6, 6);
insert into ListaPruebas (Prueba_idPrueba, Laboratorio_idLaboratorio) values (7, 7);
insert into ListaPruebas (Prueba_idPrueba, Laboratorio_idLaboratorio) values (8, 8);
insert into ListaPruebas (Prueba_idPrueba, Laboratorio_idLaboratorio) values (9, 9);
insert into ListaPruebas (Prueba_idPrueba, Laboratorio_idLaboratorio) values (10, 10);
insert into ListaPruebas (Prueba_idPrueba, Laboratorio_idLaboratorio) values (11, 11);
insert into ListaPruebas (Prueba_idPrueba, Laboratorio_idLaboratorio) values (12, 12);
insert into ListaPruebas (Prueba_idPrueba, Laboratorio_idLaboratorio) values (13, 13);
insert into ListaPruebas (Prueba_idPrueba, Laboratorio_idLaboratorio) values (14, 14);
insert into ListaPruebas (Prueba_idPrueba, Laboratorio_idLaboratorio) values (15, 15);
insert into ListaPruebas (Prueba_idPrueba, Laboratorio_idLaboratorio) values (16, 16);
insert into ListaPruebas (Prueba_idPrueba, Laboratorio_idLaboratorio) values (17, 17);
insert into ListaPruebas (Prueba_idPrueba, Laboratorio_idLaboratorio) values (18, 18);
insert into ListaPruebas (Prueba_idPrueba, Laboratorio_idLaboratorio) values (19, 19);
insert into ListaPruebas (Prueba_idPrueba, Laboratorio_idLaboratorio) values (20, 20);
insert into ListaPruebas (Prueba_idPrueba, Laboratorio_idLaboratorio) values (21, 21);
insert into ListaPruebas (Prueba_idPrueba, Laboratorio_idLaboratorio) values (22, 22);
insert into ListaPruebas (Prueba_idPrueba, Laboratorio_idLaboratorio) values (23, 23);
insert into ListaPruebas (Prueba_idPrueba, Laboratorio_idLaboratorio) values (24, 24);
insert into ListaPruebas (Prueba_idPrueba, Laboratorio_idLaboratorio) values (25, 25);
insert into ListaPruebas (Prueba_idPrueba, Laboratorio_idLaboratorio) values (26, 26);
insert into ListaPruebas (Prueba_idPrueba, Laboratorio_idLaboratorio) values (27, 27);
insert into ListaPruebas (Prueba_idPrueba, Laboratorio_idLaboratorio) values (28, 28);
insert into ListaPruebas (Prueba_idPrueba, Laboratorio_idLaboratorio) values (29, 29);
insert into ListaPruebas (Prueba_idPrueba, Laboratorio_idLaboratorio) values (30, 30);
insert into ListaPruebas (Prueba_idPrueba, Laboratorio_idLaboratorio) values (31, 31);
insert into ListaPruebas (Prueba_idPrueba, Laboratorio_idLaboratorio) values (32, 32);
insert into ListaPruebas (Prueba_idPrueba, Laboratorio_idLaboratorio) values (33, 33);
insert into ListaPruebas (Prueba_idPrueba, Laboratorio_idLaboratorio) values (34, 34);
insert into ListaPruebas (Prueba_idPrueba, Laboratorio_idLaboratorio) values (35, 35);
insert into ListaPruebas (Prueba_idPrueba, Laboratorio_idLaboratorio) values (36, 36);
insert into ListaPruebas (Prueba_idPrueba, Laboratorio_idLaboratorio) values (37, 37);
insert into ListaPruebas (Prueba_idPrueba, Laboratorio_idLaboratorio) values (38, 38);
insert into ListaPruebas (Prueba_idPrueba, Laboratorio_idLaboratorio) values (39, 39);
insert into ListaPruebas (Prueba_idPrueba, Laboratorio_idLaboratorio) values (40, 40);
insert into ListaPruebas (Prueba_idPrueba, Laboratorio_idLaboratorio) values (41, 41);
insert into ListaPruebas (Prueba_idPrueba, Laboratorio_idLaboratorio) values (42, 42);
insert into ListaPruebas (Prueba_idPrueba, Laboratorio_idLaboratorio) values (43, 43);
insert into ListaPruebas (Prueba_idPrueba, Laboratorio_idLaboratorio) values (44, 44);
insert into ListaPruebas (Prueba_idPrueba, Laboratorio_idLaboratorio) values (45, 45);
insert into ListaPruebas (Prueba_idPrueba, Laboratorio_idLaboratorio) values (46, 46);
insert into ListaPruebas (Prueba_idPrueba, Laboratorio_idLaboratorio) values (47, 47);
insert into ListaPruebas (Prueba_idPrueba, Laboratorio_idLaboratorio) values (48, 48);
insert into ListaPruebas (Prueba_idPrueba, Laboratorio_idLaboratorio) values (49, 49);
insert into ListaPruebas (Prueba_idPrueba, Laboratorio_idLaboratorio) values (50, 50);

--MUNICIPIO

insert into municipio (idMunicipio, descripcion, Departamento_idDepartamento) values (1, 'La Ceiba', 1);
insert into municipio (idMunicipio, descripcion, Departamento_idDepartamento) values (2, 'Tela', 1);
insert into municipio (idMunicipio, descripcion, Departamento_idDepartamento) values (3, 'Jutiapa', 1);
insert into municipio (idMunicipio, descripcion, Departamento_idDepartamento) values (4, 'La Masica', 1);
insert into municipio (idMunicipio, descripcion, Departamento_idDepartamento) values (5, 'San Francisco', 1);
insert into municipio (idMunicipio, descripcion, Departamento_idDepartamento) values (6, 'Arizona', 1);
insert into municipio (idMunicipio, descripcion, Departamento_idDepartamento) values (7, 'Esparta', 1);
insert into municipio (idMunicipio, descripcion, Departamento_idDepartamento) values (8, 'El Porvenir', 1);


insert into municipio (idMunicipio, descripcion, Departamento_idDepartamento) values (9, 'Trujillo', 2);
insert into municipio (idMunicipio, descripcion, Departamento_idDepartamento) values (10, 'Balfate', 2);
insert into municipio (idMunicipio, descripcion, Departamento_idDepartamento) values (11, 'Iriona', 2);
insert into municipio (idMunicipio, descripcion, Departamento_idDepartamento) values (12, 'Limón', 2);
insert into municipio (idMunicipio, descripcion, Departamento_idDepartamento) values (13, 'Sabá', 2);
insert into municipio (idMunicipio, descripcion, Departamento_idDepartamento) values (14, 'Santa Fe', 2);
insert into municipio (idMunicipio, descripcion, Departamento_idDepartamento) values (15, 'Santa Rosa de Aguán', 2);
insert into municipio (idMunicipio, descripcion, Departamento_idDepartamento) values (16, 'Sonaguera', 2);
insert into municipio (idMunicipio, descripcion, Departamento_idDepartamento) values (17, 'Tocoa', 2);
insert into municipio (idMunicipio, descripcion, Departamento_idDepartamento) values (18, 'Bonito Oriental', 2);


insert into municipio (idMunicipio, descripcion, Departamento_idDepartamento) values (19, 'Comayagua', 3);
insert into municipio (idMunicipio, descripcion, Departamento_idDepartamento) values (20, 'Ajuterique', 3);
insert into municipio (idMunicipio, descripcion, Departamento_idDepartamento) values (21, 'El Rosario', 3);
insert into municipio (idMunicipio, descripcion, Departamento_idDepartamento) values (22, 'Esquías', 3);
insert into municipio (idMunicipio, descripcion, Departamento_idDepartamento) values (23, 'Humuya', 3);
insert into municipio (idMunicipio, descripcion, Departamento_idDepartamento) values (24, 'La libertad', 3);
insert into municipio (idMunicipio, descripcion, Departamento_idDepartamento) values (25, 'Lamaní', 3);
insert into municipio (idMunicipio, descripcion, Departamento_idDepartamento) values (26, 'La Trinidad', 3);
insert into municipio (idMunicipio, descripcion, Departamento_idDepartamento) values (27, 'Lejamani', 3);
insert into municipio (idMunicipio, descripcion, Departamento_idDepartamento) values (28, 'Meambar', 3);
insert into municipio (idMunicipio, descripcion, Departamento_idDepartamento) values (29, 'Minas de Oro', 3);
insert into municipio (idMunicipio, descripcion, Departamento_idDepartamento) values (30, 'Ojos de Agua', 3);
insert into municipio (idMunicipio, descripcion, Departamento_idDepartamento) values (31, 'San Jerónimo (Honduras)', 3);
insert into municipio (idMunicipio, descripcion, Departamento_idDepartamento) values (32, 'San José de Comayagua', 3);
insert into municipio (idMunicipio, descripcion, Departamento_idDepartamento) values (33, 'San José del Potrero', 3);
insert into municipio (idMunicipio, descripcion, Departamento_idDepartamento) values (34, 'San Luis', 3);
insert into municipio (idMunicipio, descripcion, Departamento_idDepartamento) values (35, 'San Sebastián', 3);
insert into municipio (idMunicipio, descripcion, Departamento_idDepartamento) values (36, 'Siguatepeque', 3);
insert into municipio (idMunicipio, descripcion, Departamento_idDepartamento) values (37, 'Villa de San Antonio', 3);
insert into municipio (idMunicipio, descripcion, Departamento_idDepartamento) values (38, 'Las Lajas', 3);
insert into municipio (idMunicipio, descripcion, Departamento_idDepartamento) values (39, 'Taulabé', 3);


insert into municipio (idMunicipio, descripcion, Departamento_idDepartamento) values (40, 'Santa Rosa de Copán', 4);
insert into municipio (idMunicipio, descripcion, Departamento_idDepartamento) values (41, 'Cabañas', 4);
insert into municipio (idMunicipio, descripcion, Departamento_idDepartamento) values (42, 'Concepción', 4);
insert into municipio (idMunicipio, descripcion, Departamento_idDepartamento) values (43, 'Copán Ruinas', 4);
insert into municipio (idMunicipio, descripcion, Departamento_idDepartamento) values (44, 'Corquín', 4);
insert into municipio (idMunicipio, descripcion, Departamento_idDepartamento) values (45, 'Cucuyagua', 4);
insert into municipio (idMunicipio, descripcion, Departamento_idDepartamento) values (46, 'Dolores', 4);
insert into municipio (idMunicipio, descripcion, Departamento_idDepartamento) values (47, 'Dulce Nombre', 4);
insert into municipio (idMunicipio, descripcion, Departamento_idDepartamento) values (48, 'El Paraíso', 4);
insert into municipio (idMunicipio, descripcion, Departamento_idDepartamento) values (49, 'Florida', 4);
insert into municipio (idMunicipio, descripcion, Departamento_idDepartamento) values (50, 'La Jigua', 4);
insert into municipio (idMunicipio, descripcion, Departamento_idDepartamento) values (51, 'La Unión', 4);
insert into municipio (idMunicipio, descripcion, Departamento_idDepartamento) values (52, 'Nueva Arcadia', 4);
insert into municipio (idMunicipio, descripcion, Departamento_idDepartamento) values (53, 'San Agustín', 4);
insert into municipio (idMunicipio, descripcion, Departamento_idDepartamento) values (54, 'San Antonio', 4);
insert into municipio (idMunicipio, descripcion, Departamento_idDepartamento) values (55, 'San Jerónimo', 4);
insert into municipio (idMunicipio, descripcion, Departamento_idDepartamento) values (56, 'San José', 4);
insert into municipio (idMunicipio, descripcion, Departamento_idDepartamento) values (57, 'San Juan de Opoa', 4);
insert into municipio (idMunicipio, descripcion, Departamento_idDepartamento) values (58, 'San Nicolás', 4);
insert into municipio (idMunicipio, descripcion, Departamento_idDepartamento) values (59, 'San Pedro', 4);
insert into municipio (idMunicipio, descripcion, Departamento_idDepartamento) values (60, 'Santa Rita', 4);
insert into municipio (idMunicipio, descripcion, Departamento_idDepartamento) values (61, 'Trinidad de Copán', 4);
insert into municipio (idMunicipio, descripcion, Departamento_idDepartamento) values (62, 'Veracruz', 4);


insert into municipio (idMunicipio, descripcion, Departamento_idDepartamento) values (63, 'San Pedro Sula', 5);
insert into municipio (idMunicipio, descripcion, Departamento_idDepartamento) values (64, 'Choloma', 5);
insert into municipio (idMunicipio, descripcion, Departamento_idDepartamento) values (65, 'Omoa', 5);
insert into municipio (idMunicipio, descripcion, Departamento_idDepartamento) values (66, 'Pimienta', 5);
insert into municipio (idMunicipio, descripcion, Departamento_idDepartamento) values (67, 'Potrerillos', 5);
insert into municipio (idMunicipio, descripcion, Departamento_idDepartamento) values (68, 'Puerto Cortés', 5);
insert into municipio (idMunicipio, descripcion, Departamento_idDepartamento) values (69, 'San Antonio de Cortés', 5);

insert into municipio (idMunicipio, descripcion, Departamento_idDepartamento) values (70, 'San Francisco de Yojoa', 5);
insert into municipio (idMunicipio, descripcion, Departamento_idDepartamento) values (71, 'San Manuel', 5);
insert into municipio (idMunicipio, descripcion, Departamento_idDepartamento) values (72, 'Santa Cruz de Yojoa', 5);
insert into municipio (idMunicipio, descripcion, Departamento_idDepartamento) values (73, 'Villanueva', 5);
insert into municipio (idMunicipio, descripcion, Departamento_idDepartamento) values (74, 'La Lima', 5);


insert into municipio (idMunicipio, descripcion, Departamento_idDepartamento) values (75, 'Choluteca', 6);
insert into municipio (idMunicipio, descripcion, Departamento_idDepartamento) values (76, 'Apacilagua', 6);
insert into municipio (idMunicipio, descripcion, Departamento_idDepartamento) values (77, 'Concepción de María', 6);
insert into municipio (idMunicipio, descripcion, Departamento_idDepartamento) values (78, 'Duyure', 6);
insert into municipio (idMunicipio, descripcion, Departamento_idDepartamento) values (79, 'El Corpus', 6);
insert into municipio (idMunicipio, descripcion, Departamento_idDepartamento) values (80, 'El Triunfo', 6);
insert into municipio (idMunicipio, descripcion, Departamento_idDepartamento) values (81, 'Marcovia', 6);
insert into municipio (idMunicipio, descripcion, Departamento_idDepartamento) values (82, 'Morolica', 6);
insert into municipio (idMunicipio, descripcion, Departamento_idDepartamento) values (83, 'Namasigue', 6);
insert into municipio (idMunicipio, descripcion, Departamento_idDepartamento) values (84, 'Orocuina', 6);
insert into municipio (idMunicipio, descripcion, Departamento_idDepartamento) values (85, 'Pespire', 6);
insert into municipio (idMunicipio, descripcion, Departamento_idDepartamento) values (86, 'San Antonio de Flores', 6);
insert into municipio (idMunicipio, descripcion, Departamento_idDepartamento) values (87, 'San Isidro', 6);
insert into municipio (idMunicipio, descripcion, Departamento_idDepartamento) values (88, 'San José', 6);
insert into municipio (idMunicipio, descripcion, Departamento_idDepartamento) values (89, 'San Marcos de Colón', 6);
insert into municipio (idMunicipio, descripcion, Departamento_idDepartamento) values (90, 'Santa Ana de Yusguare', 6);

insert into municipio (idMunicipio, descripcion, Departamento_idDepartamento) values (91, 'Yuscarán', 7);
insert into municipio (idMunicipio, descripcion, Departamento_idDepartamento) values (92, 'Alauca', 7);
insert into municipio (idMunicipio, descripcion, Departamento_idDepartamento) values (93, 'Danlí', 7);
insert into municipio (idMunicipio, descripcion, Departamento_idDepartamento) values (94, 'El Paraíso', 7);
insert into municipio (idMunicipio, descripcion, Departamento_idDepartamento) values (95, 'Güinope', 7);
insert into municipio (idMunicipio, descripcion, Departamento_idDepartamento) values (96, 'Jacaleapa', 7);
insert into municipio (idMunicipio, descripcion, Departamento_idDepartamento) values (97, 'Liure', 7);
insert into municipio (idMunicipio, descripcion, Departamento_idDepartamento) values (98, 'Morocelí', 7);
insert into municipio (idMunicipio, descripcion, Departamento_idDepartamento) values (99, 'Oropolí', 7);
insert into municipio (idMunicipio, descripcion, Departamento_idDepartamento) values (100, 'Potrerillos', 7);
insert into municipio (idMunicipio, descripcion, Departamento_idDepartamento) values (101, 'San Antonio de Flores', 7);
insert into municipio (idMunicipio, descripcion, Departamento_idDepartamento) values (102, 'San Lucas', 7);
insert into municipio (idMunicipio, descripcion, Departamento_idDepartamento) values (103, 'San Matías', 7);
insert into municipio (idMunicipio, descripcion, Departamento_idDepartamento) values (104, 'Soledad', 7);
insert into municipio (idMunicipio, descripcion, Departamento_idDepartamento) values (105, 'Teupasenti', 7);
insert into municipio (idMunicipio, descripcion, Departamento_idDepartamento) values (106, 'Texiguat', 7);
insert into municipio (idMunicipio, descripcion, Departamento_idDepartamento) values (107, 'Vado Ancho', 7);
insert into municipio (idMunicipio, descripcion, Departamento_idDepartamento) values (108, 'Yauyupe', 7);
insert into municipio (idMunicipio, descripcion, Departamento_idDepartamento) values (109, 'Trojes', 7);


insert into municipio (idMunicipio, descripcion, Departamento_idDepartamento) values (91, 'Distrito Central', 8);
insert into municipio (idMunicipio, descripcion, Departamento_idDepartamento) values (92, 'Alubarén', 8);
insert into municipio (idMunicipio, descripcion, Departamento_idDepartamento) values (93, 'Cedros', 8);
insert into municipio (idMunicipio, descripcion, Departamento_idDepartamento) values (94, 'Curarén', 8);
insert into municipio (idMunicipio, descripcion, Departamento_idDepartamento) values (95, 'El Porvenir', 8);
insert into municipio (idMunicipio, descripcion, Departamento_idDepartamento) values (96, 'Guaimaca', 8);
insert into municipio (idMunicipio, descripcion, Departamento_idDepartamento) values (97, 'La Libertad', 8);
insert into municipio (idMunicipio, descripcion, Departamento_idDepartamento) values (98, 'La Venta', 8);
insert into municipio (idMunicipio, descripcion, Departamento_idDepartamento) values (99, 'Lepaterique', 8);
insert into municipio (idMunicipio, descripcion, Departamento_idDepartamento) values (100, 'Maraita', 8);
insert into municipio (idMunicipio, descripcion, Departamento_idDepartamento) values (101, 'Marale', 8);
insert into municipio (idMunicipio, descripcion, Departamento_idDepartamento) values (102, 'Nueva Armenia', 8);
insert into municipio (idMunicipio, descripcion, Departamento_idDepartamento) values (103, 'Ojojona', 8);
insert into municipio (idMunicipio, descripcion, Departamento_idDepartamento) values (104, 'Orica', 8);
insert into municipio (idMunicipio, descripcion, Departamento_idDepartamento) values (105, 'Reitoca', 8);
insert into municipio (idMunicipio, descripcion, Departamento_idDepartamento) values (106, 'Sabanagrande', 8);
insert into municipio (idMunicipio, descripcion, Departamento_idDepartamento) values (107, 'San Antonio de Oriente', 8);
insert into municipio (idMunicipio, descripcion, Departamento_idDepartamento) values (108, 'San Buenaventura', 8);
insert into municipio (idMunicipio, descripcion, Departamento_idDepartamento) values (109, 'San Ignacio', 8);
insert into municipio (idMunicipio, descripcion, Departamento_idDepartamento) values (110, 'San Juan de Flores', 8);
insert into municipio (idMunicipio, descripcion, Departamento_idDepartamento) values (111, 'San Miguelito', 8);
insert into municipio (idMunicipio, descripcion, Departamento_idDepartamento) values (112, 'Santa Ana', 8);
insert into municipio (idMunicipio, descripcion, Departamento_idDepartamento) values (113, 'Santa Lucía', 8);
insert into municipio (idMunicipio, descripcion, Departamento_idDepartamento) values (114, 'Talanga', 8);
insert into municipio (idMunicipio, descripcion, Departamento_idDepartamento) values (115, 'Tatumbla', 8);
insert into municipio (idMunicipio, descripcion, Departamento_idDepartamento) values (116, 'Valle de Ángeles', 8);
insert into municipio (idMunicipio, descripcion, Departamento_idDepartamento) values (117, 'Villa de San Francisco', 8);
insert into municipio (idMunicipio, descripcion, Departamento_idDepartamento) values (118, 'Vallecillo', 8);


insert into municipio (idMunicipio, descripcion, Departamento_idDepartamento) values (119, 'Puerto Lempira', 9);
insert into municipio (idMunicipio, descripcion, Departamento_idDepartamento) values (120, 'Brus Laguna', 9);
insert into municipio (idMunicipio, descripcion, Departamento_idDepartamento) values (121, 'Ahuas', 9);
insert into municipio (idMunicipio, descripcion, Departamento_idDepartamento) values (122, 'Juan Francisco Bulnes', 9);
insert into municipio (idMunicipio, descripcion, Departamento_idDepartamento) values (123, 'Ramón Villeda Morales', 9);
insert into municipio (idMunicipio, descripcion, Departamento_idDepartamento) values (124, 'Wampusirpe', 9);


insert into municipio (idMunicipio, descripcion, Departamento_idDepartamento) values (125, 'La Esperanza', 10);
insert into municipio (idMunicipio, descripcion, Departamento_idDepartamento) values (126, 'Camasca', 10);
insert into municipio (idMunicipio, descripcion, Departamento_idDepartamento) values (127, 'Colomoncagua', 10);
insert into municipio (idMunicipio, descripcion, Departamento_idDepartamento) values (128, 'Concepción', 10);
insert into municipio (idMunicipio, descripcion, Departamento_idDepartamento) values (129, 'Dolores', 10);
insert into municipio (idMunicipio, descripcion, Departamento_idDepartamento) values (130, 'Intibucá', 10);
insert into municipio (idMunicipio, descripcion, Departamento_idDepartamento) values (131, 'Jesús de Otoro', 10);
insert into municipio (idMunicipio, descripcion, Departamento_idDepartamento) values (132, 'Magdalena', 10);
insert into municipio (idMunicipio, descripcion, Departamento_idDepartamento) values (133, 'Masaguara', 10);
insert into municipio (idMunicipio, descripcion, Departamento_idDepartamento) values (134, 'San Antonio', 10);
insert into municipio (idMunicipio, descripcion, Departamento_idDepartamento) values (135, 'San Isidro', 10);
insert into municipio (idMunicipio, descripcion, Departamento_idDepartamento) values (136, 'San Juan', 10);
insert into municipio (idMunicipio, descripcion, Departamento_idDepartamento) values (137, 'San Marcos de la Sierra', 10);
insert into municipio (idMunicipio, descripcion, Departamento_idDepartamento) values (138, 'San Miguel Guancapla', 10);
insert into municipio (idMunicipio, descripcion, Departamento_idDepartamento) values (139, 'Santa Lucía', 10);
insert into municipio (idMunicipio, descripcion, Departamento_idDepartamento) values (140, 'Yamaranguila', 10);
insert into municipio (idMunicipio, descripcion, Departamento_idDepartamento) values (141, 'San Francisco de Opalaca', 10);


insert into municipio (idMunicipio, descripcion, Departamento_idDepartamento) values (142, 'Roatán', 11);
insert into municipio (idMunicipio, descripcion, Departamento_idDepartamento) values (143, 'Guanaja', 11);
insert into municipio (idMunicipio, descripcion, Departamento_idDepartamento) values (144, 'José Santos Guardiola', 11);
insert into municipio (idMunicipio, descripcion, Departamento_idDepartamento) values (145, 'Utila', 11);


insert into municipio (idMunicipio, descripcion, Departamento_idDepartamento) values (146, 'La Paz', 12);
insert into municipio (idMunicipio, descripcion, Departamento_idDepartamento) values (147, 'Aguanqueterique', 12);
insert into municipio (idMunicipio, descripcion, Departamento_idDepartamento) values (148, 'Cabañas', 12);
insert into municipio (idMunicipio, descripcion, Departamento_idDepartamento) values (149, 'Cane', 12);
insert into municipio (idMunicipio, descripcion, Departamento_idDepartamento) values (150, 'Chinacla', 12);
insert into municipio (idMunicipio, descripcion, Departamento_idDepartamento) values (151, 'Guajiquiro', 12);
insert into municipio (idMunicipio, descripcion, Departamento_idDepartamento) values (152, 'Lauterique', 12);
insert into municipio (idMunicipio, descripcion, Departamento_idDepartamento) values (153, 'Marcala', 12);
insert into municipio (idMunicipio, descripcion, Departamento_idDepartamento) values (154, 'Mercedes de Oriente', 12);
insert into municipio (idMunicipio, descripcion, Departamento_idDepartamento) values (155, 'Opatoro', 12);
insert into municipio (idMunicipio, descripcion, Departamento_idDepartamento) values (156, 'San Antonio del Norte', 12);
insert into municipio (idMunicipio, descripcion, Departamento_idDepartamento) values (157, 'San José', 12);
insert into municipio (idMunicipio, descripcion, Departamento_idDepartamento) values (158, 'San Juan', 12);
insert into municipio (idMunicipio, descripcion, Departamento_idDepartamento) values (159, 'San Pedro de Tutule', 12);
insert into municipio (idMunicipio, descripcion, Departamento_idDepartamento) values (160, 'Santa Ana', 12);
insert into municipio (idMunicipio, descripcion, Departamento_idDepartamento) values (161, 'Santa Elena', 12);
insert into municipio (idMunicipio, descripcion, Departamento_idDepartamento) values (162, 'Santa María', 12);
insert into municipio (idMunicipio, descripcion, Departamento_idDepartamento) values (163, 'Santiago de Puringla', 12);
insert into municipio (idMunicipio, descripcion, Departamento_idDepartamento) values (164, 'Yarula', 12);


insert into municipio (idMunicipio, descripcion, Departamento_idDepartamento) values (165, 'Gracias', 13);
insert into municipio (idMunicipio, descripcion, Departamento_idDepartamento) values (166, 'Belén', 13);
insert into municipio (idMunicipio, descripcion, Departamento_idDepartamento) values (167, 'Candelaria', 13);
insert into municipio (idMunicipio, descripcion, Departamento_idDepartamento) values (168, 'Cololaca', 13);
insert into municipio (idMunicipio, descripcion, Departamento_idDepartamento) values (169, 'Erandique', 13);
insert into municipio (idMunicipio, descripcion, Departamento_idDepartamento) values (170, 'Gualcince', 13);
insert into municipio (idMunicipio, descripcion, Departamento_idDepartamento) values (171, 'Guarita', 13);
insert into municipio (idMunicipio, descripcion, Departamento_idDepartamento) values (172, 'La Campa', 13);
insert into municipio (idMunicipio, descripcion, Departamento_idDepartamento) values (173, 'La Iguala', 13);
insert into municipio (idMunicipio, descripcion, Departamento_idDepartamento) values (174, 'Las Flores', 13);
insert into municipio (idMunicipio, descripcion, Departamento_idDepartamento) values (175, 'La Unión', 13);
insert into municipio (idMunicipio, descripcion, Departamento_idDepartamento) values (176, 'La Virtud', 13);
insert into municipio (idMunicipio, descripcion, Departamento_idDepartamento) values (177, 'Lepaera', 13);
insert into municipio (idMunicipio, descripcion, Departamento_idDepartamento) values (178, 'Mapulaca', 13);
insert into municipio (idMunicipio, descripcion, Departamento_idDepartamento) values (179, 'Piraera', 13);
insert into municipio (idMunicipio, descripcion, Departamento_idDepartamento) values (180, 'San Andrés', 13);
insert into municipio (idMunicipio, descripcion, Departamento_idDepartamento) values (181, 'San Francisco', 13);
insert into municipio (idMunicipio, descripcion, Departamento_idDepartamento) values (182, 'San Juan Guarita', 13);
insert into municipio (idMunicipio, descripcion, Departamento_idDepartamento) values (183, 'San Manuel Colohete', 13);
insert into municipio (idMunicipio, descripcion, Departamento_idDepartamento) values (184, 'San Rafael', 13);
insert into municipio (idMunicipio, descripcion, Departamento_idDepartamento) values (185, 'San Sebastián', 13);
insert into municipio (idMunicipio, descripcion, Departamento_idDepartamento) values (186, 'Santa Cruz', 13);
insert into municipio (idMunicipio, descripcion, Departamento_idDepartamento) values (187, 'Talgua', 13);
insert into municipio (idMunicipio, descripcion, Departamento_idDepartamento) values (188, 'Tambla', 13);
insert into municipio (idMunicipio, descripcion, Departamento_idDepartamento) values (189, 'Tomalá', 13);
insert into municipio (idMunicipio, descripcion, Departamento_idDepartamento) values (190, 'Valladolid', 13);
insert into municipio (idMunicipio, descripcion, Departamento_idDepartamento) values (191, 'Virginia', 13);
insert into municipio (idMunicipio, descripcion, Departamento_idDepartamento) values (192, 'San Marcos de Caiquín', 13);


insert into municipio (idMunicipio, descripcion, Departamento_idDepartamento) values (193, 'Ocotepeque', 14);
insert into municipio (idMunicipio, descripcion, Departamento_idDepartamento) values (194, 'Belén Gualcho', 14);
insert into municipio (idMunicipio, descripcion, Departamento_idDepartamento) values (195, 'Concepción', 14);
insert into municipio (idMunicipio, descripcion, Departamento_idDepartamento) values (196, 'Dolores Merendón', 14);
insert into municipio (idMunicipio, descripcion, Departamento_idDepartamento) values (197, 'Fraternidad', 14);
insert into municipio (idMunicipio, descripcion, Departamento_idDepartamento) values (198, 'La Encarnación', 14);
insert into municipio (idMunicipio, descripcion, Departamento_idDepartamento) values (199, 'La Labor', 14);
insert into municipio (idMunicipio, descripcion, Departamento_idDepartamento) values (200, 'Lucerna', 14);
insert into municipio (idMunicipio, descripcion, Departamento_idDepartamento) values (201, 'Mercedes', 14);
insert into municipio (idMunicipio, descripcion, Departamento_idDepartamento) values (202, 'San Fernando', 14);
insert into municipio (idMunicipio, descripcion, Departamento_idDepartamento) values (203, 'San Francisco del Valle', 14);
insert into municipio (idMunicipio, descripcion, Departamento_idDepartamento) values (204, 'San Jorge', 14);
insert into municipio (idMunicipio, descripcion, Departamento_idDepartamento) values (205, 'San Marcos', 14);
insert into municipio (idMunicipio, descripcion, Departamento_idDepartamento) values (206, 'Santa Fe', 14);
insert into municipio (idMunicipio, descripcion, Departamento_idDepartamento) values (207, 'Sensenti', 14);
insert into municipio (idMunicipio, descripcion, Departamento_idDepartamento) values (208, 'Sinuapa', 14);


insert into municipio (idMunicipio, descripcion, Departamento_idDepartamento) values (209, 'Juticalpa', 15);
insert into municipio (idMunicipio, descripcion, Departamento_idDepartamento) values (210, 'Campamento', 15);
insert into municipio (idMunicipio, descripcion, Departamento_idDepartamento) values (211, 'Catacamas', 15);
insert into municipio (idMunicipio, descripcion, Departamento_idDepartamento) values (212, 'Concordia', 15);
insert into municipio (idMunicipio, descripcion, Departamento_idDepartamento) values (213, 'Dulce Nombre de Culmí', 15);
insert into municipio (idMunicipio, descripcion, Departamento_idDepartamento) values (214, 'El Rosario', 15);
insert into municipio (idMunicipio, descripcion, Departamento_idDepartamento) values (215, 'Esquipulas del Norte', 15);
insert into municipio (idMunicipio, descripcion, Departamento_idDepartamento) values (216, 'Gualaco', 15);
insert into municipio (idMunicipio, descripcion, Departamento_idDepartamento) values (217, 'Guarizama', 15);
insert into municipio (idMunicipio, descripcion, Departamento_idDepartamento) values (218, 'Guata', 15);
insert into municipio (idMunicipio, descripcion, Departamento_idDepartamento) values (219, 'Guayape', 15);
insert into municipio (idMunicipio, descripcion, Departamento_idDepartamento) values (220, 'Jano', 15);
insert into municipio (idMunicipio, descripcion, Departamento_idDepartamento) values (221, 'La Unión', 15);
insert into municipio (idMunicipio, descripcion, Departamento_idDepartamento) values (222, 'Mangulile', 15);
insert into municipio (idMunicipio, descripcion, Departamento_idDepartamento) values (223, 'Manto', 15);
insert into municipio (idMunicipio, descripcion, Departamento_idDepartamento) values (224, 'Salamá', 15);
insert into municipio (idMunicipio, descripcion, Departamento_idDepartamento) values (225, 'San Esteban', 15);
insert into municipio (idMunicipio, descripcion, Departamento_idDepartamento) values (226, 'San Francisco de Becerra', 15);
insert into municipio (idMunicipio, descripcion, Departamento_idDepartamento) values (227, 'San Francisco de la Paz', 15);
insert into municipio (idMunicipio, descripcion, Departamento_idDepartamento) values (228, 'Santa María del Real', 15);
insert into municipio (idMunicipio, descripcion, Departamento_idDepartamento) values (229, 'Silca', 15);
insert into municipio (idMunicipio, descripcion, Departamento_idDepartamento) values (230, 'Yocón', 15);
insert into municipio (idMunicipio, descripcion, Departamento_idDepartamento) values (231, 'Patuca', 15);


insert into municipio (idMunicipio, descripcion, Departamento_idDepartamento) values (232, 'Santa Bárbara', 16);
insert into municipio (idMunicipio, descripcion, Departamento_idDepartamento) values (233, 'Arada', 16);
insert into municipio (idMunicipio, descripcion, Departamento_idDepartamento) values (234, 'Atima', 16);
insert into municipio (idMunicipio, descripcion, Departamento_idDepartamento) values (235, 'Azacualpa', 16);
insert into municipio (idMunicipio, descripcion, Departamento_idDepartamento) values (236, 'Ceguaca', 16);
insert into municipio (idMunicipio, descripcion, Departamento_idDepartamento) values (237, 'Concepción del Norte', 16);
insert into municipio (idMunicipio, descripcion, Departamento_idDepartamento) values (238, 'Concepción del Sur', 16);
insert into municipio (idMunicipio, descripcion, Departamento_idDepartamento) values (239, 'Chinda', 16);
insert into municipio (idMunicipio, descripcion, Departamento_idDepartamento) values (240, 'El Níspero', 16);
insert into municipio (idMunicipio, descripcion, Departamento_idDepartamento) values (241, 'Gualala', 16);
insert into municipio (idMunicipio, descripcion, Departamento_idDepartamento) values (242, 'Ilama', 16);
insert into municipio (idMunicipio, descripcion, Departamento_idDepartamento) values (243, 'Las Vegas', 16);
insert into municipio (idMunicipio, descripcion, Departamento_idDepartamento) values (244, 'Macuelizo', 16);
insert into municipio (idMunicipio, descripcion, Departamento_idDepartamento) values (245, 'Naranjito', 16);
insert into municipio (idMunicipio, descripcion, Departamento_idDepartamento) values (246, 'Nuevo Celilac', 16);
insert into municipio (idMunicipio, descripcion, Departamento_idDepartamento) values (247, 'Nueva Frontera', 16);
insert into municipio (idMunicipio, descripcion, Departamento_idDepartamento) values (248, 'Petoa', 16);
insert into municipio (idMunicipio, descripcion, Departamento_idDepartamento) values (249, 'Protección', 16);
insert into municipio (idMunicipio, descripcion, Departamento_idDepartamento) values (250, 'Quimistán', 16);
insert into municipio (idMunicipio, descripcion, Departamento_idDepartamento) values (251, 'San Francisco de Ojuera', 16);
insert into municipio (idMunicipio, descripcion, Departamento_idDepartamento) values (252, 'San José de las Colinas', 16);
insert into municipio (idMunicipio, descripcion, Departamento_idDepartamento) values (253, 'San Luis', 16);
insert into municipio (idMunicipio, descripcion, Departamento_idDepartamento) values (254, 'San Marcos', 16);
insert into municipio (idMunicipio, descripcion, Departamento_idDepartamento) values (255, 'San Nicolás', 16);
insert into municipio (idMunicipio, descripcion, Departamento_idDepartamento) values (256, 'San Pedro Zacapa', 16);
insert into municipio (idMunicipio, descripcion, Departamento_idDepartamento) values (257, 'San Vicente Centenario', 16);
insert into municipio (idMunicipio, descripcion, Departamento_idDepartamento) values (258, 'Santa Rita', 16);
insert into municipio (idMunicipio, descripcion, Departamento_idDepartamento) values (259, 'Trinidad', 16);


insert into municipio (idMunicipio, descripcion, Departamento_idDepartamento) values (260, 'Nacaome', 17);
insert into municipio (idMunicipio, descripcion, Departamento_idDepartamento) values (261, 'Alianza', 17);
insert into municipio (idMunicipio, descripcion, Departamento_idDepartamento) values (262, 'Amapala', 17);
insert into municipio (idMunicipio, descripcion, Departamento_idDepartamento) values (263, 'Aramecina', 17);
insert into municipio (idMunicipio, descripcion, Departamento_idDepartamento) values (264, 'Caridad', 17);
insert into municipio (idMunicipio, descripcion, Departamento_idDepartamento) values (265, 'Goascorán', 17);
insert into municipio (idMunicipio, descripcion, Departamento_idDepartamento) values (266, 'Langue', 17);
insert into municipio (idMunicipio, descripcion, Departamento_idDepartamento) values (267, 'San Francisco de Coray', 17);
insert into municipio (idMunicipio, descripcion, Departamento_idDepartamento) values (268, 'San Lorenzo', 17);


insert into municipio (idMunicipio, descripcion, Departamento_idDepartamento) values (269, 'Yoro', 18);
insert into municipio (idMunicipio, descripcion, Departamento_idDepartamento) values (270, 'Arenal', 18);
insert into municipio (idMunicipio, descripcion, Departamento_idDepartamento) values (271, 'El Negrito', 18);
insert into municipio (idMunicipio, descripcion, Departamento_idDepartamento) values (272, 'El Progreso', 18);
insert into municipio (idMunicipio, descripcion, Departamento_idDepartamento) values (273, 'Jocón', 18);
insert into municipio (idMunicipio, descripcion, Departamento_idDepartamento) values (274, 'Morazán', 18);
insert into municipio (idMunicipio, descripcion, Departamento_idDepartamento) values (275, 'Olanchito', 18);
insert into municipio (idMunicipio, descripcion, Departamento_idDepartamento) values (276, 'Santa Rita', 18);
insert into municipio (idMunicipio, descripcion, Departamento_idDepartamento) values (277, 'Sulaco', 18);
insert into municipio (idMunicipio, descripcion, Departamento_idDepartamento) values (278, 'Victoria', 18);
insert into municipio (idMunicipio, descripcion, Departamento_idDepartamento) values (279, 'Yorito', 18);

--PERSONA

insert into Persona (idPersona, numeroIdentidad, primerNombre, segundoNombre, primerApellido, segundoApellido, numeroTelefono, edad, Genero_idGenero, Municipio_idMunicipio) values (1, '0801-1996-76875', 'Orsa', 'Barrie', 'Pidgeon', 'Hampshire', '803-723-6028', 87, 1, 221);
insert into Persona (idPersona, numeroIdentidad, primerNombre, segundoNombre, primerApellido, segundoApellido, numeroTelefono, edad, Genero_idGenero, Municipio_idMunicipio) values (2, '0801-1996-44285', 'Corri', 'Clementine', 'McCory', 'Marco', '270-822-8251', 12, 0, 90);
insert into Persona (idPersona, numeroIdentidad, primerNombre, segundoNombre, primerApellido, segundoApellido, numeroTelefono, edad, Genero_idGenero, Municipio_idMunicipio) values (3, '0801-1996-48638', 'Terence', 'Sly', 'Maynell', 'Adlard', '541-732-9293', 49, 1, 185);
insert into Persona (idPersona, numeroIdentidad, primerNombre, segundoNombre, primerApellido, segundoApellido, numeroTelefono, edad, Genero_idGenero, Municipio_idMunicipio) values (4, '0801-1996-73372', 'Kerby', 'Jabez', 'Dytham', 'Cuer', '987-440-3799', 78, 0, 2);
insert into Persona (idPersona, numeroIdentidad, primerNombre, segundoNombre, primerApellido, segundoApellido, numeroTelefono, edad, Genero_idGenero, Municipio_idMunicipio) values (5, '0801-1996-12009', 'Neely', 'Claudelle', 'Kluger', 'Buttrey', '960-724-8144', 51, 1, 42);
insert into Persona (idPersona, numeroIdentidad, primerNombre, segundoNombre, primerApellido, segundoApellido, numeroTelefono, edad, Genero_idGenero, Municipio_idMunicipio) values (6, '0801-1996-11446', 'Annadiane', 'Regan', 'Leyband', 'Stobo', '638-587-6334', 39, 1, 18);
insert into Persona (idPersona, numeroIdentidad, primerNombre, segundoNombre, primerApellido, segundoApellido, numeroTelefono, edad, Genero_idGenero, Municipio_idMunicipio) values (7, '0801-1978-70942', 'Dominica', 'Bethina', 'Elldred', 'Mordey', '425-794-6873', 73, 1, 91);
insert into Persona (idPersona, numeroIdentidad, primerNombre, segundoNombre, primerApellido, segundoApellido, numeroTelefono, edad, Genero_idGenero, Municipio_idMunicipio) values (8, '0801-1978-47099', 'Adriano', 'Harmony', 'Greenin', 'Tilt', '491-255-7684', 44, 0, 25);
insert into Persona (idPersona, numeroIdentidad, primerNombre, segundoNombre, primerApellido, segundoApellido, numeroTelefono, edad, Genero_idGenero, Municipio_idMunicipio) values (9, '0801-1978-56510', 'Cyrus', 'Julita', 'Forber', 'Dargan', '725-933-4028', 30, 0, 40);
insert into Persona (idPersona, numeroIdentidad, primerNombre, segundoNombre, primerApellido, segundoApellido, numeroTelefono, edad, Genero_idGenero, Municipio_idMunicipio) values (10, '0801-1978-32881', 'Kimberly', 'Darya', 'Wickes', 'Schrinel', '395-235-7177', 25, 0, 232);
insert into Persona (idPersona, numeroIdentidad, primerNombre, segundoNombre, primerApellido, segundoApellido, numeroTelefono, edad, Genero_idGenero, Municipio_idMunicipio) values (11, '0801-1978-76763', 'Graeme', 'Daffie', 'Wooffitt', 'Dudley', '269-304-3069', 58, 0, 134);
insert into Persona (idPersona, numeroIdentidad, primerNombre, segundoNombre, primerApellido, segundoApellido, numeroTelefono, edad, Genero_idGenero, Municipio_idMunicipio) values (12, '0801-1978-92562', 'Gregory', 'Wylma', 'Behne', 'Sterley', '177-718-7032', 29, 1, 46);
insert into Persona (idPersona, numeroIdentidad, primerNombre, segundoNombre, primerApellido, segundoApellido, numeroTelefono, edad, Genero_idGenero, Municipio_idMunicipio) values (13, '0801-1978-50402', 'Chaddie', 'Deina', 'Sumsion', 'Oake', '656-818-8108', 15, 0, 61);
insert into Persona (idPersona, numeroIdentidad, primerNombre, segundoNombre, primerApellido, segundoApellido, numeroTelefono, edad, Genero_idGenero, Municipio_idMunicipio) values (14, '0801-1978-41818', 'Darill', 'Nevil', 'Darker', 'Coger', '101-370-0870', 73, 1, 173);
insert into Persona (idPersona, numeroIdentidad, primerNombre, segundoNombre, primerApellido, segundoApellido, numeroTelefono, edad, Genero_idGenero, Municipio_idMunicipio) values (15, '0801-1972-77386', 'Bernadina', 'Davita', 'Lafayette', 'Fenech', '754-564-0983', 8, 1, 275);
insert into Persona (idPersona, numeroIdentidad, primerNombre, segundoNombre, primerApellido, segundoApellido, numeroTelefono, edad, Genero_idGenero, Municipio_idMunicipio) values (16, '0801-1972-57695', 'Maureene', 'Terri', 'Keenlyside', 'Jebb', '179-968-2770', 17, 0, 193);
insert into Persona (idPersona, numeroIdentidad, primerNombre, segundoNombre, primerApellido, segundoApellido, numeroTelefono, edad, Genero_idGenero, Municipio_idMunicipio) values (17, '0801-1972-83687', 'Dorey', 'Hakeem', 'Barnard', 'Pearsall', '964-580-4844', 5, 0, 235);
insert into Persona (idPersona, numeroIdentidad, primerNombre, segundoNombre, primerApellido, segundoApellido, numeroTelefono, edad, Genero_idGenero, Municipio_idMunicipio) values (18, '0801-1972-89746', 'Rusty', 'Elly', 'Rowlatt', 'Beyn', '618-509-8120', 51, 0, 134);
insert into Persona (idPersona, numeroIdentidad, primerNombre, segundoNombre, primerApellido, segundoApellido, numeroTelefono, edad, Genero_idGenero, Municipio_idMunicipio) values (19, '0801-1972-36577', 'Ladonna', 'Germain', 'Cluff', 'Filipowicz', '532-480-5187', 29, 1, 121);
insert into Persona (idPersona, numeroIdentidad, primerNombre, segundoNombre, primerApellido, segundoApellido, numeroTelefono, edad, Genero_idGenero, Municipio_idMunicipio) values (20, '0801-1972-66489', 'Marty', 'Ingemar', 'Rockliffe', 'Rupert', '228-189-5159', 98, 0, 34);
insert into Persona (idPersona, numeroIdentidad, primerNombre, segundoNombre, primerApellido, segundoApellido, numeroTelefono, edad, Genero_idGenero, Municipio_idMunicipio) values (21, '0801-1972-15915', 'Homerus', 'Wallis', 'Wyley', 'Donnellan', '171-824-0838', 83, 1, 55);
insert into Persona (idPersona, numeroIdentidad, primerNombre, segundoNombre, primerApellido, segundoApellido, numeroTelefono, edad, Genero_idGenero, Municipio_idMunicipio) values (22, '0801-1972-88696', 'Eddie', 'Gradey', 'Spendley', 'Summerlee', '681-749-4991', 68, 0, 54);
insert into Persona (idPersona, numeroIdentidad, primerNombre, segundoNombre, primerApellido, segundoApellido, numeroTelefono, edad, Genero_idGenero, Municipio_idMunicipio) values (23, '0801-1972-78495', 'Aaren', 'Bobbye', 'Waddy', 'Kippax', '566-635-2166', 77, 1, 276);
insert into Persona (idPersona, numeroIdentidad, primerNombre, segundoNombre, primerApellido, segundoApellido, numeroTelefono, edad, Genero_idGenero, Municipio_idMunicipio) values (24, '0801-1972-51180', 'Beniamino', 'Steven', 'Verni', 'Armytage', '516-737-0471', 91, 0, 253);
insert into Persona (idPersona, numeroIdentidad, primerNombre, segundoNombre, primerApellido, segundoApellido, numeroTelefono, edad, Genero_idGenero, Municipio_idMunicipio) values (25, '0801-1972-91426', 'Kevin', 'Emma', 'Herrema', 'Godding', '973-529-4763', 69, 1, 28);
insert into Persona (idPersona, numeroIdentidad, primerNombre, segundoNombre, primerApellido, segundoApellido, numeroTelefono, edad, Genero_idGenero, Municipio_idMunicipio) values (26, '0601-1986-12398', 'Maximilien', 'Ardelis', 'Kenton', 'Garlette', '274-219-8433', 38, 0, 92);
insert into Persona (idPersona, numeroIdentidad, primerNombre, segundoNombre, primerApellido, segundoApellido, numeroTelefono, edad, Genero_idGenero, Municipio_idMunicipio) values (27, '0601-1986-63582', 'Myrwyn', 'Crichton', 'Adamsen', 'Lomis', '739-378-6210', 8, 0, 118);
insert into Persona (idPersona, numeroIdentidad, primerNombre, segundoNombre, primerApellido, segundoApellido, numeroTelefono, edad, Genero_idGenero, Municipio_idMunicipio) values (28, '0601-1986-67432', 'Elena', 'Neila', 'Shoreson', 'Sich', '155-190-3938', 50, 1, 258);
insert into Persona (idPersona, numeroIdentidad, primerNombre, segundoNombre, primerApellido, segundoApellido, numeroTelefono, edad, Genero_idGenero, Municipio_idMunicipio) values (29, '0601-1986-37819', 'Cymbre', 'Maribeth', 'Blewett', 'Pimley', '382-971-0668', 16, 1, 122);
insert into Persona (idPersona, numeroIdentidad, primerNombre, segundoNombre, primerApellido, segundoApellido, numeroTelefono, edad, Genero_idGenero, Municipio_idMunicipio) values (30, '0601-1986-47719', 'Nester', 'Petunia', 'Helleckas', 'Adnet', '402-115-5321', 99, 0, 258);
insert into Persona (idPersona, numeroIdentidad, primerNombre, segundoNombre, primerApellido, segundoApellido, numeroTelefono, edad, Genero_idGenero, Municipio_idMunicipio) values (31, '0601-1986-66732', 'Anatollo', 'Kassi', 'Finder', 'Gove', '812-716-0147', 56, 1, 201);
insert into Persona (idPersona, numeroIdentidad, primerNombre, segundoNombre, primerApellido, segundoApellido, numeroTelefono, edad, Genero_idGenero, Municipio_idMunicipio) values (32, '0601-1990-99973', 'Ody', 'Dixie', 'Figure', 'Brimicombe', '542-655-9521', 90, 0, 29);
insert into Persona (idPersona, numeroIdentidad, primerNombre, segundoNombre, primerApellido, segundoApellido, numeroTelefono, edad, Genero_idGenero, Municipio_idMunicipio) values (33, '0601-1990-18508', 'Abel', 'Wyn', 'Gauge', 'Sowter', '333-680-4483', 76, 0, 29);
insert into Persona (idPersona, numeroIdentidad, primerNombre, segundoNombre, primerApellido, segundoApellido, numeroTelefono, edad, Genero_idGenero, Municipio_idMunicipio) values (34, '0601-1990-86839', 'Demetris', 'Car', 'Quarton', 'Kestian', '968-393-4755', 54, 0, 239);
insert into Persona (idPersona, numeroIdentidad, primerNombre, segundoNombre, primerApellido, segundoApellido, numeroTelefono, edad, Genero_idGenero, Municipio_idMunicipio) values (35, '0601-1990-41000', 'Konstance', 'Wallis', 'Roseblade', 'Jepensen', '105-465-2196', 70, 1, 139);
insert into Persona (idPersona, numeroIdentidad, primerNombre, segundoNombre, primerApellido, segundoApellido, numeroTelefono, edad, Genero_idGenero, Municipio_idMunicipio) values (36, '0601-1990-76696', 'Toddy', 'Wilburt', 'Orpen', 'Ruberry', '935-150-7484', 48, 0, 102);
insert into Persona (idPersona, numeroIdentidad, primerNombre, segundoNombre, primerApellido, segundoApellido, numeroTelefono, edad, Genero_idGenero, Municipio_idMunicipio) values (37, '0601-1990-65603', 'Welsh', 'Matthaeus', 'Fetherstonhaugh', 'Killough', '549-801-4995', 92, 0, 169);
insert into Persona (idPersona, numeroIdentidad, primerNombre, segundoNombre, primerApellido, segundoApellido, numeroTelefono, edad, Genero_idGenero, Municipio_idMunicipio) values (38, '0601-1981-52391', 'Rebecca', 'Janenna', 'Broseke', 'Veljes', '338-667-9205', 7, 0, 241);
insert into Persona (idPersona, numeroIdentidad, primerNombre, segundoNombre, primerApellido, segundoApellido, numeroTelefono, edad, Genero_idGenero, Municipio_idMunicipio) values (39, '0601-1981-90516', 'Brynn', 'Vannie', 'Ducker', 'Gonnel', '687-573-7563', 32, 0, 91);
insert into Persona (idPersona, numeroIdentidad, primerNombre, segundoNombre, primerApellido, segundoApellido, numeroTelefono, edad, Genero_idGenero, Municipio_idMunicipio) values (40, '0601-1981-63073', 'Candie', 'Randall', 'Liver', 'Hardesty', '674-934-8247', 39, 1, 209);
insert into Persona (idPersona, numeroIdentidad, primerNombre, segundoNombre, primerApellido, segundoApellido, numeroTelefono, edad, Genero_idGenero, Municipio_idMunicipio) values (41, '0601-1981-74526', 'Davide', 'Audie', 'Moretto', 'Swinfen', '281-556-9338', 41, 1, 242);
insert into Persona (idPersona, numeroIdentidad, primerNombre, segundoNombre, primerApellido, segundoApellido, numeroTelefono, edad, Genero_idGenero, Municipio_idMunicipio) values (42, '0601-1981-22755', 'Giffer', 'Gusta', 'Roggerone', 'Sea', '697-349-7334', 80, 1, 125);
insert into Persona (idPersona, numeroIdentidad, primerNombre, segundoNombre, primerApellido, segundoApellido, numeroTelefono, edad, Genero_idGenero, Municipio_idMunicipio) values (43, '0601-1981-55144', 'Sofie', 'Crin', 'Spaduzza', 'Filchakov', '502-567-9014', 26, 1, 233);
insert into Persona (idPersona, numeroIdentidad, primerNombre, segundoNombre, primerApellido, segundoApellido, numeroTelefono, edad, Genero_idGenero, Municipio_idMunicipio) values (44, '0601-1999-23692', 'Mariya', 'Lew', 'Plaice', 'Beare', '487-323-4310', 54, 0, 212);
insert into Persona (idPersona, numeroIdentidad, primerNombre, segundoNombre, primerApellido, segundoApellido, numeroTelefono, edad, Genero_idGenero, Municipio_idMunicipio) values (45, '0701-1993-98621', 'Buckie', 'Galvin', 'Shiril', 'Gurling', '874-949-5747', 74, 1, 56);
insert into Persona (idPersona, numeroIdentidad, primerNombre, segundoNombre, primerApellido, segundoApellido, numeroTelefono, edad, Genero_idGenero, Municipio_idMunicipio) values (46, '0701-1993-34720', 'Foss', 'Nicoli', 'Febvre', 'Riddoch', '258-664-1280', 6, 1, 103);
insert into Persona (idPersona, numeroIdentidad, primerNombre, segundoNombre, primerApellido, segundoApellido, numeroTelefono, edad, Genero_idGenero, Municipio_idMunicipio) values (47, '0701-1993-38718', 'Chanda', 'Dalston', 'Attew', 'Phythean', '342-639-2372', 87, 1, 222);
insert into Persona (idPersona, numeroIdentidad, primerNombre, segundoNombre, primerApellido, segundoApellido, numeroTelefono, edad, Genero_idGenero, Municipio_idMunicipio) values (48, '0701-1993-88396', 'Juana', 'Gaby', 'Turton', 'Crutchfield', '248-925-1959', 68, 1, 247);
insert into Persona (idPersona, numeroIdentidad, primerNombre, segundoNombre, primerApellido, segundoApellido, numeroTelefono, edad, Genero_idGenero, Municipio_idMunicipio) values (49, '0701-1993-97158', 'Roderich', 'Toma', 'Truce', 'Chastey', '623-367-4070', 55, 1, 20);
insert into Persona (idPersona, numeroIdentidad, primerNombre, segundoNombre, primerApellido, segundoApellido, numeroTelefono, edad, Genero_idGenero, Municipio_idMunicipio) values (50, '0701-1993-39514', 'Sullivan', 'Ernaline', 'Greguoli', 'Richardin', '671-151-6410', 93, 1, 152);

-PRUEBA

insert into Prueba (idPrueba, codigoPrueba, fecha, infectado, Persona_idPersona) values (1, '0001', '2020-01-03', 0, 1);
insert into Prueba (idPrueba, codigoPrueba, fecha, infectado, Persona_idPersona) values (2, '0002', '2020-02-11', 1, 2);
insert into Prueba (idPrueba, codigoPrueba, fecha, infectado, Persona_idPersona) values (3, '0003', '2019-11-11', 0, 3);
insert into Prueba (idPrueba, codigoPrueba, fecha, infectado, Persona_idPersona) values (4, '0004', '2020-01-19', 0, 4);
insert into Prueba (idPrueba, codigoPrueba, fecha, infectado, Persona_idPersona) values (5, '0005', '2020-02-05', 0, 5);
insert into Prueba (idPrueba, codigoPrueba, fecha, infectado, Persona_idPersona) values (6, '0006', '2020-04-15', 0, 6);
insert into Prueba (idPrueba, codigoPrueba, fecha, infectado, Persona_idPersona) values (7, '0007', '2020-04-29', 0, 7);
insert into Prueba (idPrueba, codigoPrueba, fecha, infectado, Persona_idPersona) values (8, '0008', '2020-07-16', 1, 8);
insert into Prueba (idPrueba, codigoPrueba, fecha, infectado, Persona_idPersona) values (9, '0009', '2019-12-19', 0, 9);
insert into Prueba (idPrueba, codigoPrueba, fecha, infectado, Persona_idPersona) values (10, '00010', '2020-05-31', 1, 10);
insert into Prueba (idPrueba, codigoPrueba, fecha, infectado, Persona_idPersona) values (11, '00011', '2020-02-03', 0, 11);
insert into Prueba (idPrueba, codigoPrueba, fecha, infectado, Persona_idPersona) values (12, '00012', '2020-06-07', 1, 12);
insert into Prueba (idPrueba, codigoPrueba, fecha, infectado, Persona_idPersona) values (13, '00013', '2020-03-04', 1, 13);
insert into Prueba (idPrueba, codigoPrueba, fecha, infectado, Persona_idPersona) values (14, '00014', '2020-05-19', 1, 14);
insert into Prueba (idPrueba, codigoPrueba, fecha, infectado, Persona_idPersona) values (15, '00015', '2019-11-24', 1, 15);
insert into Prueba (idPrueba, codigoPrueba, fecha, infectado, Persona_idPersona) values (16, '00016', '2020-05-24', 0, 16);
insert into Prueba (idPrueba, codigoPrueba, fecha, infectado, Persona_idPersona) values (17, '00017', '2020-05-05', 1, 17);
insert into Prueba (idPrueba, codigoPrueba, fecha, infectado, Persona_idPersona) values (18, '00018', '2019-10-19', 1, 18);
insert into Prueba (idPrueba, codigoPrueba, fecha, infectado, Persona_idPersona) values (19, '00019', '2020-08-08', 1, 19);
insert into Prueba (idPrueba, codigoPrueba, fecha, infectado, Persona_idPersona) values (20, '00020', '2020-08-14', 0, 20);
insert into Prueba (idPrueba, codigoPrueba, fecha, infectado, Persona_idPersona) values (21, '00021', '2020-01-19', 1, 21);
insert into Prueba (idPrueba, codigoPrueba, fecha, infectado, Persona_idPersona) values (22, '00022', '2019-10-26', 1, 22);
insert into Prueba (idPrueba, codigoPrueba, fecha, infectado, Persona_idPersona) values (23, '00023', '2019-11-02', 1, 23);
insert into Prueba (idPrueba, codigoPrueba, fecha, infectado, Persona_idPersona) values (24, '00024', '2019-08-27', 1, 24);
insert into Prueba (idPrueba, codigoPrueba, fecha, infectado, Persona_idPersona) values (25, '00025', '2019-11-14', 0, 25);
insert into Prueba (idPrueba, codigoPrueba, fecha, infectado, Persona_idPersona) values (26, '00026', '2019-08-21', 0, 26);
insert into Prueba (idPrueba, codigoPrueba, fecha, infectado, Persona_idPersona) values (27, '00027', '2020-06-30', 0, 27);
insert into Prueba (idPrueba, codigoPrueba, fecha, infectado, Persona_idPersona) values (28, '00028', '2020-03-21', 0, 28);
insert into Prueba (idPrueba, codigoPrueba, fecha, infectado, Persona_idPersona) values (29, '00029', '2020-05-17', 0, 29);
insert into Prueba (idPrueba, codigoPrueba, fecha, infectado, Persona_idPersona) values (30, '00030', '2020-01-29', 1, 30);
insert into Prueba (idPrueba, codigoPrueba, fecha, infectado, Persona_idPersona) values (31, '00031', '2020-03-11', 0, 31);
insert into Prueba (idPrueba, codigoPrueba, fecha, infectado, Persona_idPersona) values (32, '00032', '2020-05-18', 0, 32);
insert into Prueba (idPrueba, codigoPrueba, fecha, infectado, Persona_idPersona) values (33, '00033', '2020-07-19', 0, 33);
insert into Prueba (idPrueba, codigoPrueba, fecha, infectado, Persona_idPersona) values (34, '00034', '2019-08-17', 1, 34);
insert into Prueba (idPrueba, codigoPrueba, fecha, infectado, Persona_idPersona) values (35, '00035', '2020-02-03', 1, 35);
insert into Prueba (idPrueba, codigoPrueba, fecha, infectado, Persona_idPersona) values (36, '00036', '2020-03-01', 1, 36);
insert into Prueba (idPrueba, codigoPrueba, fecha, infectado, Persona_idPersona) values (37, '00037', '2019-11-07', 1, 37);
insert into Prueba (idPrueba, codigoPrueba, fecha, infectado, Persona_idPersona) values (38, '00038', '2020-07-09', 0, 38);
insert into Prueba (idPrueba, codigoPrueba, fecha, infectado, Persona_idPersona) values (39, '00039', '2020-07-04', 0, 39);
insert into Prueba (idPrueba, codigoPrueba, fecha, infectado, Persona_idPersona) values (40, '00040', '2019-11-03', 1, 40);
insert into Prueba (idPrueba, codigoPrueba, fecha, infectado, Persona_idPersona) values (41, '00041', '2020-04-19', 0, 41);
insert into Prueba (idPrueba, codigoPrueba, fecha, infectado, Persona_idPersona) values (42, '00042', '2020-08-01', 0, 42);
insert into Prueba (idPrueba, codigoPrueba, fecha, infectado, Persona_idPersona) values (43, '00043', '2019-10-21', 1, 43);
insert into Prueba (idPrueba, codigoPrueba, fecha, infectado, Persona_idPersona) values (44, '00044', '2020-03-12', 0, 44);
insert into Prueba (idPrueba, codigoPrueba, fecha, infectado, Persona_idPersona) values (45, '00045', '2019-09-29', 1, 45);
insert into Prueba (idPrueba, codigoPrueba, fecha, infectado, Persona_idPersona) values (46, '00046', '2019-10-11', 1, 46);
insert into Prueba (idPrueba, codigoPrueba, fecha, infectado, Persona_idPersona) values (47, '00047', '2020-01-27', 1, 47);
insert into Prueba (idPrueba, codigoPrueba, fecha, infectado, Persona_idPersona) values (48, '00048', '2020-04-29', 1, 48);
insert into Prueba (idPrueba, codigoPrueba, fecha, infectado, Persona_idPersona) values (49, '00049', '2019-11-13', 0, 49);
insert into Prueba (idPrueba, codigoPrueba, fecha, infectado, Persona_idPersona) values (50, '00050', '2019-12-30', 1, 50);

--USUARIOS

insert into usuarios (idUsuarios, correoElectronico, contraseña, Persona_idPersona) values (1, 'hthulborn0@people.com.cn', 'ThGbf7tyHB4', 1);
insert into usuarios (idUsuarios, correoElectronico, contraseña, Persona_idPersona) values (2, 'cvasilic1@sciencedaily.com', 'DD3gwk', 2);
insert into usuarios (idUsuarios, correoElectronico, contraseña, Persona_idPersona) values (3, 'jrevening2@godaddy.com', 'doR7XnflMh', 3);
insert into usuarios (idUsuarios, correoElectronico, contraseña, Persona_idPersona) values (4, 'chayter3@nbcnews.com', 'W53P2xxssAt7', 4);
insert into usuarios (idUsuarios, correoElectronico, contraseña, Persona_idPersona) values (5, 'ajeavon4@ft.com', 'BVxUW8XVG', 5);
insert into usuarios (idUsuarios, correoElectronico, contraseña, Persona_idPersona) values (6, 'tcoldtart5@netvibes.com', 'nFmvQZ', 6);
insert into usuarios (idUsuarios, correoElectronico, contraseña, Persona_idPersona) values (7, 'pentreis6@etsy.com', 'ftIGmNWI9Fg', 7);
insert into usuarios (idUsuarios, correoElectronico, contraseña, Persona_idPersona) values (8, 'istickells7@myspace.com', '4nnKu0DCkQT1', 8);
insert into usuarios (idUsuarios, correoElectronico, contraseña, Persona_idPersona) values (9, 'lkellock8@redcross.org', 'Axpq0T', 9);
insert into usuarios (idUsuarios, correoElectronico, contraseña, Persona_idPersona) values (10, 'mdavenhill9@google.it', 'rTbt4EV', 10);
insert into usuarios (idUsuarios, correoElectronico, contraseña, Persona_idPersona) values (11, 'kstrattana@chicagotribune.com', 'lQeK6xU', 11);
insert into usuarios (idUsuarios, correoElectronico, contraseña, Persona_idPersona) values (12, 'sbrasenerb@diigo.com', 'ffoKjkgVsr', 12);
insert into usuarios (idUsuarios, correoElectronico, contraseña, Persona_idPersona) values (13, 'oheapc@quantcast.com', 'sdpQaeJgH9zZ', 13);
insert into usuarios (idUsuarios, correoElectronico, contraseña, Persona_idPersona) values (14, 'lherrerand@mac.com', 'Zi0HeKs78x', 14);
insert into usuarios (idUsuarios, correoElectronico, contraseña, Persona_idPersona) values (15, 'bnicklene@cafepress.com', '2OhOtLkUB', 15);
insert into usuarios (idUsuarios, correoElectronico, contraseña, Persona_idPersona) values (16, 'hmartinettof@live.com', 'rfPxgHh', 16);
insert into usuarios (idUsuarios, correoElectronico, contraseña, Persona_idPersona) values (17, 'kofieldg@github.io', 'o8KTHb', 17);
insert into usuarios (idUsuarios, correoElectronico, contraseña, Persona_idPersona) values (18, 'mbransdonh@sciencedirect.com', 'F1oCVZPNq', 18);
insert into usuarios (idUsuarios, correoElectronico, contraseña, Persona_idPersona) values (19, 'lvellai@yale.edu', 'njNmLjIAMsD', 19);
insert into usuarios (idUsuarios, correoElectronico, contraseña, Persona_idPersona) values (20, 'acorthesj@msn.com', 'FgjXm1VLky0', 20);
insert into usuarios (idUsuarios, correoElectronico, contraseña, Persona_idPersona) values (21, 'cstallybrassk@squarespace.com', '574dj1v', 21);
insert into usuarios (idUsuarios, correoElectronico, contraseña, Persona_idPersona) values (22, 'jkobpall@purevolume.com', 'ST5syo', 22);
insert into usuarios (idUsuarios, correoElectronico, contraseña, Persona_idPersona) values (23, 'acontim@hugedomains.com', 'jJ3dbIXR', 23);
insert into usuarios (idUsuarios, correoElectronico, contraseña, Persona_idPersona) values (24, 'dkarrann@uiuc.edu', '67Dz15vIU4', 24);
insert into usuarios (idUsuarios, correoElectronico, contraseña, Persona_idPersona) values (25, 'ldysharto@myspace.com', 'E1wFcy', 25);
insert into usuarios (idUsuarios, correoElectronico, contraseña, Persona_idPersona) values (26, 'lnaisbetp@europa.eu', 'aWk4wWW', 26);
insert into usuarios (idUsuarios, correoElectronico, contraseña, Persona_idPersona) values (27, 'ncannonq@netlog.com', 'BaEG5e2PYu', 27);
insert into usuarios (idUsuarios, correoElectronico, contraseña, Persona_idPersona) values (28, 'pgilhoolier@disqus.com', 'OPPjfga5phHD', 28);
insert into usuarios (idUsuarios, correoElectronico, contraseña, Persona_idPersona) values (29, 'lhedinghams@bing.com', 'KKJ1IiwHkWKH', 29);
insert into usuarios (idUsuarios, correoElectronico, contraseña, Persona_idPersona) values (30, 'graynhamt@github.io', 'xij4GT', 30);
insert into usuarios (idUsuarios, correoElectronico, contraseña, Persona_idPersona) values (31, 'gdeathu@cocolog-nifty.com', 'fcvQHb2jYO', 31);
insert into usuarios (idUsuarios, correoElectronico, contraseña, Persona_idPersona) values (32, 'bbansteadv@auda.org.au', 'mQ5bdj8M', 32);
insert into usuarios (idUsuarios, correoElectronico, contraseña, Persona_idPersona) values (33, 'cstapfordw@privacy.gov.au', 'mtWNESYpj1', 33);
insert into usuarios (idUsuarios, correoElectronico, contraseña, Persona_idPersona) values (34, 'bpigeramx@friendfeed.com', 'wQDCunb', 34);
insert into usuarios (idUsuarios, correoElectronico, contraseña, Persona_idPersona) values (35, 'mrexworthyy@google.com.au', 'qNG5DnsuGdW', 35);
insert into usuarios (idUsuarios, correoElectronico, contraseña, Persona_idPersona) values (36, 'planferez@ftc.gov', 'fMcz6zHQVKpv', 36);
insert into usuarios (idUsuarios, correoElectronico, contraseña, Persona_idPersona) values (37, 'wfriedlos10@trellian.com', 'fHUbh9x', 37);
insert into usuarios (idUsuarios, correoElectronico, contraseña, Persona_idPersona) values (38, 'stieraney11@eepurl.com', 'JiP2rllUuKg', 38);
insert into usuarios (idUsuarios, correoElectronico, contraseña, Persona_idPersona) values (39, 'cbarbera12@irs.gov', '1ddv0yIk5FL', 39);
insert into usuarios (idUsuarios, correoElectronico, contraseña, Persona_idPersona) values (40, 'svasey13@squarespace.com', 'z28uYsj9Jbu', 40);
insert into usuarios (idUsuarios, correoElectronico, contraseña, Persona_idPersona) values (41, 'bglide14@bloglines.com', 'g2vMNxRHEl', 41);
insert into usuarios (idUsuarios, correoElectronico, contraseña, Persona_idPersona) values (42, 'fdorton15@zimbio.com', 'nAnGNOdKL5', 42);
insert into usuarios (idUsuarios, correoElectronico, contraseña, Persona_idPersona) values (43, 'gaizikov16@boston.com', 'lOHk5T', 43);
insert into usuarios (idUsuarios, correoElectronico, contraseña, Persona_idPersona) values (44, 'dgerdes17@usatoday.com', 'AkjzH3QM', 44);
insert into usuarios (idUsuarios, correoElectronico, contraseña, Persona_idPersona) values (45, 'ghardington18@eepurl.com', 'Zt8OTf', 45);
insert into usuarios (idUsuarios, correoElectronico, contraseña, Persona_idPersona) values (46, 'asussex19@addtoany.com', 'CrhWGM', 46);
insert into usuarios (idUsuarios, correoElectronico, contraseña, Persona_idPersona) values (47, 'emattiuzzi1a@mac.com', 'qwofJx', 47);
insert into usuarios (idUsuarios, correoElectronico, contraseña, Persona_idPersona) values (48, 'lmattys1b@unesco.org', 'icP69Kbw', 48);
insert into usuarios (idUsuarios, correoElectronico, contraseña, Persona_idPersona) values (49, 'cbeals1c@reverbnation.com', 's4a3RAqD0', 49);
insert into usuarios (idUsuarios, correoElectronico, contraseña, Persona_idPersona) values (50, 'mlinke1d@webnode.com', 'HcreCc', 50);

